threads,round,build,step,wall,cpu
1,1,official,step1_qt,121.40,121.17
1,1,official,step1_bt,118.39,118.34
1,1,official,step2_qt,6.23,6.19
1,1,official,step2_bt,5.73,5.72
1,1,candidate,step1_qt,27.67,27.63
1,1,candidate,step1_bt,27.94,27.93
1,1,candidate,step2_qt,2.89,2.88
1,1,candidate,step2_bt,2.86,2.85
1,2,candidate,step1_qt,33.26,33.24
1,2,candidate,step1_bt,30.53,30.52
1,2,candidate,step2_qt,3.20,3.19
1,2,candidate,step2_bt,3.07,3.06
1,2,official,step1_qt,118.84,118.82
1,2,official,step1_bt,117.11,117.07
1,2,official,step2_qt,6.16,6.15
1,2,official,step2_bt,5.70,5.69
1,3,official,step1_qt,120.63,120.61
1,3,official,step1_bt,115.62,115.61
1,3,official,step2_qt,6.08,6.06
1,3,official,step2_bt,5.72,5.71
1,3,candidate,step1_qt,27.51,27.51
1,3,candidate,step1_bt,27.88,27.87
1,3,candidate,step2_qt,2.81,2.8
1,3,candidate,step2_bt,2.80,2.79
2,1,official,step1_qt,82.51,161.21
2,1,official,step1_bt,82.03,160.14
2,1,official,step2_qt,3.42,6.75
2,1,official,step2_bt,3.24,6.4
2,1,official,level1_bt2500,134.67,256.87
2,1,candidate,step1_qt,22.06,42.79
2,1,candidate,step1_bt,20.74,40.18
2,1,candidate,step2_qt,1.67,3.25
2,1,candidate,step2_bt,1.61,3.13
2,1,candidate,level1_bt2500,84.43,168.49
2,2,candidate,step1_qt,21.75,42.19
2,2,candidate,step1_bt,20.63,39.93
2,2,candidate,step2_qt,1.60,3.12
2,2,candidate,step2_bt,1.67,3.27
2,2,candidate,level1_bt2500,85.32,170.26
2,2,official,step1_qt,83.01,162.13
2,2,official,step1_bt,81.87,160.0
2,2,official,step2_qt,3.47,6.86
2,2,official,step2_bt,3.14,6.21
2,2,official,level1_bt2500,134.23,256.26
2,3,official,step1_qt,82.61,161.33
2,3,official,step1_bt,82.02,160.16
2,3,official,step2_qt,3.30,6.51
2,3,official,step2_bt,3.19,6.29
2,3,candidate,step1_qt,21.83,42.3
2,3,candidate,step1_bt,20.72,40.09
2,3,candidate,step2_qt,1.59,3.1
2,3,candidate,step2_bt,1.64,3.21
4,1,official,step1_qt,70.44,269.86
4,1,official,step1_bt,69.73,267.5
4,1,official,step2_qt,2.02,7.8
4,1,official,step2_bt,2.02,7.85
4,1,candidate,step1_qt,18.12,68.26
4,1,candidate,step1_bt,17.22,64.82
4,1,candidate,step2_qt,1.04,3.92
4,1,candidate,step2_bt,1.10,4.2
4,2,candidate,step1_qt,17.94,67.67
4,2,candidate,step1_bt,17.37,65.25
4,2,candidate,step2_qt,1.04,3.94
4,2,candidate,step2_bt,1.12,4.29
4,2,official,step1_qt,70.48,270.25
4,2,official,step1_bt,69.43,266.12
4,2,official,step2_qt,2.01,7.81
4,2,official,step2_bt,2.13,8.33
