source_package,version,gpl_or_lgpl,file_url
glibc,2.35-0ubuntu3.15,yes,https://launchpad.net/ubuntu/+archive/primary/+sourcefiles/glibc/2.35-0ubuntu3.15/glibc_2.35-0ubuntu3.15.debian.tar.xz
glibc,2.35-0ubuntu3.15,yes,https://launchpad.net/ubuntu/+archive/primary/+sourcefiles/glibc/2.35-0ubuntu3.15/glibc_2.35-0ubuntu3.15.dsc
glibc,2.35-0ubuntu3.15,yes,https://launchpad.net/ubuntu/+archive/primary/+sourcefiles/glibc/2.35-0ubuntu3.15/glibc_2.35.orig.tar.xz
glibc,2.35-0ubuntu3.15,yes,https://launchpad.net/ubuntu/+archive/primary/+sourcefiles/glibc/2.35-0ubuntu3.15/glibc_2.35.orig.tar.xz.asc
brotli,1.0.9-2build6,no,https://launchpad.net/ubuntu/+archive/primary/+sourcefiles/brotli/1.0.9-2build6/brotli_1.0.9-2build6.debian.tar.xz
brotli,1.0.9-2build6,no,https://launchpad.net/ubuntu/+archive/primary/+sourcefiles/brotli/1.0.9-2build6/brotli_1.0.9-2build6.dsc
brotli,1.0.9-2build6,no,https://launchpad.net/ubuntu/+archive/primary/+sourcefiles/brotli/1.0.9-2build6/brotli_1.0.9.orig.tar.gz
bzip2,1.0.8-5ubuntu0.1,no,https://launchpad.net/ubuntu/+archive/primary/+sourcefiles/bzip2/1.0.8-5ubuntu0.1/bzip2_1.0.8-5ubuntu0.1.debian.tar.bz2
bzip2,1.0.8-5ubuntu0.1,no,https://launchpad.net/ubuntu/+archive/primary/+sourcefiles/bzip2/1.0.8-5ubuntu0.1/bzip2_1.0.8-5ubuntu0.1.dsc
bzip2,1.0.8-5ubuntu0.1,no,https://launchpad.net/ubuntu/+archive/primary/+sourcefiles/bzip2/1.0.8-5ubuntu0.1/bzip2_1.0.8.orig.tar.gz
e2fsprogs,1.46.5-2ubuntu1.2,no,https://launchpad.net/ubuntu/+archive/primary/+sourcefiles/e2fsprogs/1.46.5-2ubuntu1.2/e2fsprogs_1.46.5-2ubuntu1.2.debian.tar.xz
e2fsprogs,1.46.5-2ubuntu1.2,no,https://launchpad.net/ubuntu/+archive/primary/+sourcefiles/e2fsprogs/1.46.5-2ubuntu1.2/e2fsprogs_1.46.5-2ubuntu1.2.dsc
e2fsprogs,1.46.5-2ubuntu1.2,no,https://launchpad.net/ubuntu/+archive/primary/+sourcefiles/e2fsprogs/1.46.5-2ubuntu1.2/e2fsprogs_1.46.5.orig.tar.gz
e2fsprogs,1.46.5-2ubuntu1.2,no,https://launchpad.net/ubuntu/+archive/primary/+sourcefiles/e2fsprogs/1.46.5-2ubuntu1.2/e2fsprogs_1.46.5.orig.tar.gz.asc
openssl,3.0.2-0ubuntu1.30,no,https://launchpad.net/ubuntu/+archive/primary/+sourcefiles/openssl/3.0.2-0ubuntu1.30/openssl_3.0.2-0ubuntu1.30.debian.tar.xz
openssl,3.0.2-0ubuntu1.30,no,https://launchpad.net/ubuntu/+archive/primary/+sourcefiles/openssl/3.0.2-0ubuntu1.30/openssl_3.0.2-0ubuntu1.30.dsc
openssl,3.0.2-0ubuntu1.30,no,https://launchpad.net/ubuntu/+archive/primary/+sourcefiles/openssl/3.0.2-0ubuntu1.30/openssl_3.0.2.orig.tar.gz
curl,7.81.0-1ubuntu1.29,no,https://launchpad.net/ubuntu/+archive/primary/+sourcefiles/curl/7.81.0-1ubuntu1.29/curl_7.81.0-1ubuntu1.29.debian.tar.xz
curl,7.81.0-1ubuntu1.29,no,https://launchpad.net/ubuntu/+archive/primary/+sourcefiles/curl/7.81.0-1ubuntu1.29/curl_7.81.0-1ubuntu1.29.dsc
curl,7.81.0-1ubuntu1.29,no,https://launchpad.net/ubuntu/+archive/primary/+sourcefiles/curl/7.81.0-1ubuntu1.29/curl_7.81.0.orig.tar.gz
curl,7.81.0-1ubuntu1.29,no,https://launchpad.net/ubuntu/+archive/primary/+sourcefiles/curl/7.81.0-1ubuntu1.29/curl_7.81.0.orig.tar.gz.asc
libffi,3.4.2-4,no,https://launchpad.net/ubuntu/+archive/primary/+sourcefiles/libffi/3.4.2-4/libffi_3.4.2-4.debian.tar.xz
libffi,3.4.2-4,no,https://launchpad.net/ubuntu/+archive/primary/+sourcefiles/libffi/3.4.2-4/libffi_3.4.2-4.dsc
libffi,3.4.2-4,no,https://launchpad.net/ubuntu/+archive/primary/+sourcefiles/libffi/3.4.2-4/libffi_3.4.2.orig.tar.gz
gcc-12,12.3.0-1ubuntu1~22.04.3,yes,https://launchpad.net/ubuntu/+archive/primary/+sourcefiles/gcc-12/12.3.0-1ubuntu1~22.04.3/gcc-12_12.3.0-1ubuntu1~22.04.3.debian.tar.xz
gcc-12,12.3.0-1ubuntu1~22.04.3,yes,https://launchpad.net/ubuntu/+archive/primary/+sourcefiles/gcc-12/12.3.0-1ubuntu1~22.04.3/gcc-12_12.3.0-1ubuntu1~22.04.3.dsc
gcc-12,12.3.0-1ubuntu1~22.04.3,yes,https://launchpad.net/ubuntu/+archive/primary/+sourcefiles/gcc-12/12.3.0-1ubuntu1~22.04.3/gcc-12_12.3.0.orig.tar.gz
gmp,2:6.2.1+dfsg-3ubuntu1,yes,https://launchpad.net/ubuntu/+archive/primary/+sourcefiles/gmp/2:6.2.1+dfsg-3ubuntu1/gmp_6.2.1+dfsg-3ubuntu1.debian.tar.xz
gmp,2:6.2.1+dfsg-3ubuntu1,yes,https://launchpad.net/ubuntu/+archive/primary/+sourcefiles/gmp/2:6.2.1+dfsg-3ubuntu1/gmp_6.2.1+dfsg-3ubuntu1.dsc
gmp,2:6.2.1+dfsg-3ubuntu1,yes,https://launchpad.net/ubuntu/+archive/primary/+sourcefiles/gmp/2:6.2.1+dfsg-3ubuntu1/gmp_6.2.1+dfsg.orig.tar.xz
gnutls28,3.7.3-4ubuntu1.9,yes,https://launchpad.net/ubuntu/+archive/primary/+sourcefiles/gnutls28/3.7.3-4ubuntu1.9/gnutls28_3.7.3-4ubuntu1.9.debian.tar.xz
gnutls28,3.7.3-4ubuntu1.9,yes,https://launchpad.net/ubuntu/+archive/primary/+sourcefiles/gnutls28/3.7.3-4ubuntu1.9/gnutls28_3.7.3-4ubuntu1.9.dsc
gnutls28,3.7.3-4ubuntu1.9,yes,https://launchpad.net/ubuntu/+archive/primary/+sourcefiles/gnutls28/3.7.3-4ubuntu1.9/gnutls28_3.7.3.orig.tar.xz
gnutls28,3.7.3-4ubuntu1.9,yes,https://launchpad.net/ubuntu/+archive/primary/+sourcefiles/gnutls28/3.7.3-4ubuntu1.9/gnutls28_3.7.3.orig.tar.xz.asc
krb5,1.19.2-2ubuntu0.10,no,https://launchpad.net/ubuntu/+archive/primary/+sourcefiles/krb5/1.19.2-2ubuntu0.10/krb5_1.19.2-2ubuntu0.10.debian.tar.xz
krb5,1.19.2-2ubuntu0.10,no,https://launchpad.net/ubuntu/+archive/primary/+sourcefiles/krb5/1.19.2-2ubuntu0.10/krb5_1.19.2-2ubuntu0.10.dsc
krb5,1.19.2-2ubuntu0.10,no,https://launchpad.net/ubuntu/+archive/primary/+sourcefiles/krb5/1.19.2-2ubuntu0.10/krb5_1.19.2.orig.tar.gz
nettle,3.7.3-1build2,yes,https://launchpad.net/ubuntu/+archive/primary/+sourcefiles/nettle/3.7.3-1build2/nettle_3.7.3-1build2.debian.tar.xz
nettle,3.7.3-1build2,yes,https://launchpad.net/ubuntu/+archive/primary/+sourcefiles/nettle/3.7.3-1build2/nettle_3.7.3-1build2.dsc
nettle,3.7.3-1build2,yes,https://launchpad.net/ubuntu/+archive/primary/+sourcefiles/nettle/3.7.3-1build2/nettle_3.7.3.orig.tar.gz
libidn2,2.3.2-2build1,yes,https://launchpad.net/ubuntu/+archive/primary/+sourcefiles/libidn2/2.3.2-2build1/libidn2_2.3.2-2build1.debian.tar.xz
libidn2,2.3.2-2build1,yes,https://launchpad.net/ubuntu/+archive/primary/+sourcefiles/libidn2/2.3.2-2build1/libidn2_2.3.2-2build1.dsc
libidn2,2.3.2-2build1,yes,https://launchpad.net/ubuntu/+archive/primary/+sourcefiles/libidn2/2.3.2-2build1/libidn2_2.3.2.orig.tar.gz
libidn2,2.3.2-2build1,yes,https://launchpad.net/ubuntu/+archive/primary/+sourcefiles/libidn2/2.3.2-2build1/libidn2_2.3.2.orig.tar.gz.asc
keyutils,1.6.1-2ubuntu3,yes,https://launchpad.net/ubuntu/+archive/primary/+sourcefiles/keyutils/1.6.1-2ubuntu3/keyutils_1.6.1-2ubuntu3.debian.tar.xz
keyutils,1.6.1-2ubuntu3,yes,https://launchpad.net/ubuntu/+archive/primary/+sourcefiles/keyutils/1.6.1-2ubuntu3/keyutils_1.6.1-2ubuntu3.dsc
keyutils,1.6.1-2ubuntu3,yes,https://launchpad.net/ubuntu/+archive/primary/+sourcefiles/keyutils/1.6.1-2ubuntu3/keyutils_1.6.1.orig.tar.bz2
openldap,2.5.20+dfsg-0ubuntu0.22.04.1,no,https://launchpad.net/ubuntu/+archive/primary/+sourcefiles/openldap/2.5.20+dfsg-0ubuntu0.22.04.1/openldap_2.5.20+dfsg-0ubuntu0.22.04.1.debian.tar.xz
openldap,2.5.20+dfsg-0ubuntu0.22.04.1,no,https://launchpad.net/ubuntu/+archive/primary/+sourcefiles/openldap/2.5.20+dfsg-0ubuntu0.22.04.1/openldap_2.5.20+dfsg-0ubuntu0.22.04.1.dsc
openldap,2.5.20+dfsg-0ubuntu0.22.04.1,no,https://launchpad.net/ubuntu/+archive/primary/+sourcefiles/openldap/2.5.20+dfsg-0ubuntu0.22.04.1/openldap_2.5.20+dfsg.orig.tar.gz
xz-utils,5.2.5-2ubuntu1.1,no,https://launchpad.net/ubuntu/+archive/primary/+sourcefiles/xz-utils/5.2.5-2ubuntu1.1/xz-utils_5.2.5-2ubuntu1.1.debian.tar.xz
xz-utils,5.2.5-2ubuntu1.1,no,https://launchpad.net/ubuntu/+archive/primary/+sourcefiles/xz-utils/5.2.5-2ubuntu1.1/xz-utils_5.2.5-2ubuntu1.1.dsc
xz-utils,5.2.5-2ubuntu1.1,no,https://launchpad.net/ubuntu/+archive/primary/+sourcefiles/xz-utils/5.2.5-2ubuntu1.1/xz-utils_5.2.5.orig.tar.xz
xz-utils,5.2.5-2ubuntu1.1,no,https://launchpad.net/ubuntu/+archive/primary/+sourcefiles/xz-utils/5.2.5-2ubuntu1.1/xz-utils_5.2.5.orig.tar.xz.asc
nghttp2,1.43.0-1ubuntu0.4,no,https://launchpad.net/ubuntu/+archive/primary/+sourcefiles/nghttp2/1.43.0-1ubuntu0.4/nghttp2_1.43.0-1ubuntu0.4.debian.tar.xz
nghttp2,1.43.0-1ubuntu0.4,no,https://launchpad.net/ubuntu/+archive/primary/+sourcefiles/nghttp2/1.43.0-1ubuntu0.4/nghttp2_1.43.0-1ubuntu0.4.dsc
nghttp2,1.43.0-1ubuntu0.4,no,https://launchpad.net/ubuntu/+archive/primary/+sourcefiles/nghttp2/1.43.0-1ubuntu0.4/nghttp2_1.43.0.orig.tar.bz2
p11-kit,0.24.0-6ubuntu0.1,no,https://launchpad.net/ubuntu/+archive/primary/+sourcefiles/p11-kit/0.24.0-6ubuntu0.1/p11-kit_0.24.0-6ubuntu0.1.debian.tar.xz
p11-kit,0.24.0-6ubuntu0.1,no,https://launchpad.net/ubuntu/+archive/primary/+sourcefiles/p11-kit/0.24.0-6ubuntu0.1/p11-kit_0.24.0-6ubuntu0.1.dsc
p11-kit,0.24.0-6ubuntu0.1,no,https://launchpad.net/ubuntu/+archive/primary/+sourcefiles/p11-kit/0.24.0-6ubuntu0.1/p11-kit_0.24.0.orig.tar.xz
p11-kit,0.24.0-6ubuntu0.1,no,https://launchpad.net/ubuntu/+archive/primary/+sourcefiles/p11-kit/0.24.0-6ubuntu0.1/p11-kit_0.24.0.orig.tar.xz.asc
libpsl,0.21.0-1.2build2,no,https://launchpad.net/ubuntu/+archive/primary/+sourcefiles/libpsl/0.21.0-1.2build2/libpsl_0.21.0-1.2build2.debian.tar.xz
libpsl,0.21.0-1.2build2,no,https://launchpad.net/ubuntu/+archive/primary/+sourcefiles/libpsl/0.21.0-1.2build2/libpsl_0.21.0-1.2build2.dsc
libpsl,0.21.0-1.2build2,no,https://launchpad.net/ubuntu/+archive/primary/+sourcefiles/libpsl/0.21.0-1.2build2/libpsl_0.21.0.orig.tar.gz
rtmpdump,2.4+20151223.gitfa8646d.1-2build4,yes,https://launchpad.net/ubuntu/+archive/primary/+sourcefiles/rtmpdump/2.4+20151223.gitfa8646d.1-2build4/rtmpdump_2.4+20151223.gitfa8646d.1-2build4.debian.tar.xz
rtmpdump,2.4+20151223.gitfa8646d.1-2build4,yes,https://launchpad.net/ubuntu/+archive/primary/+sourcefiles/rtmpdump/2.4+20151223.gitfa8646d.1-2build4/rtmpdump_2.4+20151223.gitfa8646d.1-2build4.dsc
rtmpdump,2.4+20151223.gitfa8646d.1-2build4,yes,https://launchpad.net/ubuntu/+archive/primary/+sourcefiles/rtmpdump/2.4+20151223.gitfa8646d.1-2build4/rtmpdump_2.4+20151223.gitfa8646d.1.orig.tar.gz
cyrus-sasl2,2.1.27+dfsg2-3ubuntu1.2,no,https://launchpad.net/ubuntu/+archive/primary/+sourcefiles/cyrus-sasl2/2.1.27+dfsg2-3ubuntu1.2/cyrus-sasl2_2.1.27+dfsg2-3ubuntu1.2.debian.tar.xz
cyrus-sasl2,2.1.27+dfsg2-3ubuntu1.2,no,https://launchpad.net/ubuntu/+archive/primary/+sourcefiles/cyrus-sasl2/2.1.27+dfsg2-3ubuntu1.2/cyrus-sasl2_2.1.27+dfsg2-3ubuntu1.2.dsc
cyrus-sasl2,2.1.27+dfsg2-3ubuntu1.2,no,https://launchpad.net/ubuntu/+archive/primary/+sourcefiles/cyrus-sasl2/2.1.27+dfsg2-3ubuntu1.2/cyrus-sasl2_2.1.27+dfsg2.orig.tar.xz
libssh,0.9.6-2ubuntu0.22.04.8,yes,https://launchpad.net/ubuntu/+archive/primary/+sourcefiles/libssh/0.9.6-2ubuntu0.22.04.8/libssh_0.9.6-2ubuntu0.22.04.8.debian.tar.xz
libssh,0.9.6-2ubuntu0.22.04.8,yes,https://launchpad.net/ubuntu/+archive/primary/+sourcefiles/libssh/0.9.6-2ubuntu0.22.04.8/libssh_0.9.6-2ubuntu0.22.04.8.dsc
libssh,0.9.6-2ubuntu0.22.04.8,yes,https://launchpad.net/ubuntu/+archive/primary/+sourcefiles/libssh/0.9.6-2ubuntu0.22.04.8/libssh_0.9.6.orig.tar.xz
libssh,0.9.6-2ubuntu0.22.04.8,yes,https://launchpad.net/ubuntu/+archive/primary/+sourcefiles/libssh/0.9.6-2ubuntu0.22.04.8/libssh_0.9.6.orig.tar.xz.asc
libtasn1-6,4.18.0-4ubuntu0.2,yes,https://launchpad.net/ubuntu/+archive/primary/+sourcefiles/libtasn1-6/4.18.0-4ubuntu0.2/libtasn1-6_4.18.0-4ubuntu0.2.debian.tar.xz
libtasn1-6,4.18.0-4ubuntu0.2,yes,https://launchpad.net/ubuntu/+archive/primary/+sourcefiles/libtasn1-6/4.18.0-4ubuntu0.2/libtasn1-6_4.18.0-4ubuntu0.2.dsc
libtasn1-6,4.18.0-4ubuntu0.2,yes,https://launchpad.net/ubuntu/+archive/primary/+sourcefiles/libtasn1-6/4.18.0-4ubuntu0.2/libtasn1-6_4.18.0.orig.tar.gz
libtasn1-6,4.18.0-4ubuntu0.2,yes,https://launchpad.net/ubuntu/+archive/primary/+sourcefiles/libtasn1-6/4.18.0-4ubuntu0.2/libtasn1-6_4.18.0.orig.tar.gz.asc
libunistring,1.0-1,yes,https://launchpad.net/ubuntu/+archive/primary/+sourcefiles/libunistring/1.0-1/libunistring_1.0-1.debian.tar.xz
libunistring,1.0-1,yes,https://launchpad.net/ubuntu/+archive/primary/+sourcefiles/libunistring/1.0-1/libunistring_1.0-1.dsc
libunistring,1.0-1,yes,https://launchpad.net/ubuntu/+archive/primary/+sourcefiles/libunistring/1.0-1/libunistring_1.0.orig.tar.xz
zlib,1:1.2.11.dfsg-2ubuntu9.2,no,https://launchpad.net/ubuntu/+archive/primary/+sourcefiles/zlib/1:1.2.11.dfsg-2ubuntu9.2/zlib_1.2.11.dfsg-2ubuntu9.2.debian.tar.xz
zlib,1:1.2.11.dfsg-2ubuntu9.2,no,https://launchpad.net/ubuntu/+archive/primary/+sourcefiles/zlib/1:1.2.11.dfsg-2ubuntu9.2/zlib_1.2.11.dfsg-2ubuntu9.2.dsc
zlib,1:1.2.11.dfsg-2ubuntu9.2,no,https://launchpad.net/ubuntu/+archive/primary/+sourcefiles/zlib/1:1.2.11.dfsg-2ubuntu9.2/zlib_1.2.11.dfsg.orig.tar.gz
libzstd,1.4.8+dfsg-3build1,no,https://launchpad.net/ubuntu/+archive/primary/+sourcefiles/libzstd/1.4.8+dfsg-3build1/libzstd_1.4.8+dfsg-3build1.debian.tar.xz
libzstd,1.4.8+dfsg-3build1,no,https://launchpad.net/ubuntu/+archive/primary/+sourcefiles/libzstd/1.4.8+dfsg-3build1/libzstd_1.4.8+dfsg-3build1.dsc
libzstd,1.4.8+dfsg-3build1,no,https://launchpad.net/ubuntu/+archive/primary/+sourcefiles/libzstd/1.4.8+dfsg-3build1/libzstd_1.4.8+dfsg.orig.tar.xz
gcc-9,9.5.0-1ubuntu1~22.04.1,yes,https://launchpad.net/ubuntu/+archive/primary/+sourcefiles/gcc-9/9.5.0-1ubuntu1~22.04.1/gcc-9_9.5.0-1ubuntu1~22.04.1.debian.tar.xz
gcc-9,9.5.0-1ubuntu1~22.04.1,yes,https://launchpad.net/ubuntu/+archive/primary/+sourcefiles/gcc-9/9.5.0-1ubuntu1~22.04.1/gcc-9_9.5.0-1ubuntu1~22.04.1.dsc
gcc-9,9.5.0-1ubuntu1~22.04.1,yes,https://launchpad.net/ubuntu/+archive/primary/+sourcefiles/gcc-9/9.5.0-1ubuntu1~22.04.1/gcc-9_9.5.0.orig.tar.gz
boost1.74,1.74.0-14ubuntu3,no,https://launchpad.net/ubuntu/+archive/primary/+sourcefiles/boost1.74/1.74.0-14ubuntu3/boost1.74_1.74.0-14ubuntu3.debian.tar.xz
boost1.74,1.74.0-14ubuntu3,no,https://launchpad.net/ubuntu/+archive/primary/+sourcefiles/boost1.74/1.74.0-14ubuntu3/boost1.74_1.74.0-14ubuntu3.dsc
boost1.74,1.74.0-14ubuntu3,no,https://launchpad.net/ubuntu/+archive/primary/+sourcefiles/boost1.74/1.74.0-14ubuntu3/boost1.74_1.74.0.orig.tar.xz
